Workbook

Sheet Inventory
A1: Asset ID | B1: Category
A2: Chainsaw-01 | B2: Chainsaw
A3: Chainsaw-02 | B3: Chainsaw
A4: Chainsaw-03 | B4: Chainsaw
A5: Chainsaw-04 | B5: Chainsaw
A6: Chainsaw-05 | B6: Chainsaw
A7: Chainsaw-06 | B7: Chainsaw
A8: Chainsaw-07 | B8: Chainsaw
A9: Chainsaw-08 | B9: Chainsaw
A10: Chainsaw-09 | B10: Chainsaw
A11: Chainsaw-10 | B11: Chainsaw
A12: Chainsaw-11 | B12: Chainsaw
... A50: Felling Bar & Tongs - L2 | B50: Felling Equipment

Sheet Form Responses 1
A1: Timestamp | B1: Action Type | C1: Equipment ID | D1: Trainer Name | E1: Candidate Name | F1: Assessment Date | G1: Inspection Result | H1: Notes / Damage Details
A3: 2026-10-13 14:54:45 | B3: Check Out for Course | C3: ["CS-01"] | D3: Simon Harrison | E3: Joe bloggs | F3: 2026-10-14 | G3: Pass
A4: 2026-10-13 14:56:31 | B4: Report Maintenance / Damage | C4: ["CS-02"] | D4: Simon Harrison | E4: n/a | G4: Pass | H4: Chain needs replacing
A5: 13/10/2026 15:30:22 | B5: Check Out for Course | C5: ["Chainsaw-01"] | D5: Simon Harrison | E5: Joe Bloggs | G5: Not Inspected
A6: 13/10/2026 15:38:15 | B6: Update Assessment Date | C6: ["Chainsaw-01"] | F6: 14/10/2026 | G6: Pass | H6: Assessment date updated via live dashboard
A7: 13/10/2026 15:45:17 | B7: Return / Check In | C7: ["Chainsaw-01"] | D7: nan | E7: nan | F7: 13/10/2026 | G7: Pass
A8: 14/10/2026 10:24:29 | B8: Check Out for Course | C8: ["Chainsaw-01"] | D8: Simon Harrison | F8: 14/10/2026 | G8: Pass
A9: 14/10/2026 10:25:05 | B9: Return / Check In | C9: ["Chainsaw-01"] | D9: Simon Harrison | F9: 14/10/2026 | G9: Pass
A10: 14/10/2026 12:47:03 | B10: Check Out for Course | C10: ["Chainsaw-01"] | D10: Simon | E10: Dave | F10: 15/10/2026 | G10: Not Inspected

Sheet Live Dashboard
A1: Asset ID | B1: Category | C1: Status | D1: Instuctor / Assessor Name | E1: Customer Name | F1: Assessment Date | G1: Last Inspection | H1: Notes / Damage
A2: Chainsaw-01 | B2: Chainsaw | C2: 🔴 IN USE | D2: Simon | E2: Dave | F2: 15/10/2026 | G2: Not Inspected
A3: Chainsaw-02 | B3: Chainsaw | C3: 🟢 AVAILABLE | G3: Not Inspected
A4: Chainsaw-03 | B4: Chainsaw | C4: 🟢 AVAILABLE | G4: Not Inspected
A5: Chainsaw-04 | B5: Chainsaw | C5: 🟢 AVAILABLE | G5: Not Inspected
A6: Chainsaw-05 | B6: Chainsaw | C6: 🟢 AVAILABLE | G6: Not Inspected
A7: Chainsaw-06 | B7: Chainsaw | C7: 🟢 AVAILABLE | G7: Not Inspected
A8: Chainsaw-07 | B8: Chainsaw | C8: 🟢 AVAILABLE | G8: Not Inspected
A9: Chainsaw-08 | B9: Chainsaw | C9: 🟢 AVAILABLE | G9: Not Inspected
A10: Chainsaw-09 | B10: Chainsaw | C10: 🟢 AVAILABLE | G10: Not Inspected
A11: Chainsaw-10 | B11: Chainsaw | C11: 🟢 AVAILABLE | G11: Not Inspected
A12: Chainsaw-11 | B12: Chainsaw | C12: 🟢 AVAILABLE | G12: Not Inspected
A13: Chainsaw-12 | B13: Chainsaw | C13: 🟢 AVAILABLE | G13: Not Inspected
A14: Chainsaw-13 | B14: Chainsaw | C14: 🟢 AVAILABLE | G14: Not Inspected
... A47: Felling Bar & Tongs - L2 | B47: Felling Equipment | C47: 🟢 AVAILABLE | G47: Not Inspected
A48: Felling Bar & Tongs - S5 | B48: Felling Equipment | C48: =_xlfn.LET( _xlpm.LatestAction, _xlfn.XLOOKUP("*" & A48 & "*", 'Form Responses 1'!C:C, 'Form Responses 1'!B:B, "Available", 2, -1), _xlpm.LatestInsp, _xlfn.XLOOKUP("*" & A48 & "*", 'Form Responses 1'!C:C, 'Form Responses 1'!G:G, "", 2, -1), _xlpm.LatestDate, _xlfn.XLOOKUP("*" & A48 & "*", 'Form Responses 1'!C:C, 'Form Responses 1'!F:F, "", 2, -1), _xlpm.IsAssessmentToday, IF(_xlpm.LatestDate = "", FALSE, IF(ISNUMBER(_xlpm.LatestDate), INT(_xlpm.LatestDate) = TODAY(), DATEVALUE(_xlpm.LatestDate) = TODAY())), IF(_xlpm.LatestInsp = "Fail / Maintenance Required", "⚠️ MAINTENANCE", IF(_xlpm.LatestAction = "Check Out for Course", "🔴 IN USE", IF(_xlpm.LatestAction = "Re-issue for Assessment", "🔴 IN USE", IF(_xlpm.LatestAction = "Return & Reserve for Assessment", IF(_xlpm.IsAssessmentToday, "🔒 RESERVED (Today)", "🟢 AVAILABLE"), "🟢 AVAILABLE" ) ) ) ) ) -> 🟢 AVAILABLE | D48: =_xlfn.LET( _xlpm.LatestAction, _xlfn.XLOOKUP("*" & A48 & "*", 'Form Responses 1'!C:C, 'Form Responses 1'!B:B, "", 2, -1), _xlpm.LatestTrainer, _xlfn.XLOOKUP("*" & A48 & "*", 'Form Responses 1'!C:C, 'Form Responses 1'!D:D, "", 2, -1), IF(OR(_xlpm.LatestAction = "Final Return to General Stock", _xlpm.LatestAction = ""), "", _xlpm.LatestTrainer) ) | E48: =_xlfn.LET( _xlpm.LatestAction, _xlfn.XLOOKUP("*" & A48 & "*", 'Form Responses 1'!C:C, 'Form Responses 1'!B:B, "", 2, -1), _xlpm.LatestCand, _xlfn.XLOOKUP("*" & A48 & "*", 'Form Responses 1'!C:C, 'Form Responses 1'!E:E, "", 2, -1), IF(OR(_xlpm.LatestAction = "Final Return to General Stock", _xlpm.LatestAction = ""), "", _xlpm.LatestCand) ) | F48: =_xlfn.LET( _xlpm.LatestAction, _xlfn.XLOOKUP("*" & A48 & "*", 'Form Responses 1'!C:C, 'Form Responses 1'!B:B, "", 2, -1), _xlpm.LatestDate, _xlfn.XLOOKUP("*" & A48 & "*", 'Form Responses 1'!C:C, 'Form Responses 1'!F:F, "", 2, -1), IF(OR(_xlpm.LatestAction = "Final Return to General Stock", _xlpm.LatestAction = ""), "", _xlpm.LatestDate) ) | G48: =_xlfn.XLOOKUP("*" & A48 & "*", 'Form Responses 1'!C:C, 'Form Responses 1'!G:G, "Not Inspected", 2, -1) -> Not Inspected | H48: =_xlfn.XLOOKUP("*" & A48 & "*", 'Form Responses 1'!C:C, 'Form Responses 1'!H:H, "", 2, -1)
A49: Felling Bar & Tongs - L1 | B49: Felling Equipment | C49: =_xlfn.LET( _xlpm.LatestAction, _xlfn.XLOOKUP("*" & A49 & "*", 'Form Responses 1'!C:C, 'Form Responses 1'!B:B, "Available", 2, -1), _xlpm.LatestInsp, _xlfn.XLOOKUP("*" & A49 & "*", 'Form Responses 1'!C:C, 'Form Responses 1'!G:G, "", 2, -1), _xlpm.LatestDate, _xlfn.XLOOKUP("*" & A49 & "*", 'Form Responses 1'!C:C, 'Form Responses 1'!F:F, "", 2, -1), _xlpm.IsAssessmentToday, IF(_xlpm.LatestDate = "", FALSE, IF(ISNUMBER(_xlpm.LatestDate), INT(_xlpm.LatestDate) = TODAY(), DATEVALUE(_xlpm.LatestDate) = TODAY())), IF(_xlpm.LatestInsp = "Fail / Maintenance Required", "⚠️ MAINTENANCE", IF(_xlpm.LatestAction = "Check Out for Course", "🔴 IN USE", IF(_xlpm.LatestAction = "Re-issue for Assessment", "🔴 IN USE", IF(_xlpm.LatestAction = "Return & Reserve for Assessment", IF(_xlpm.IsAssessmentToday, "🔒 RESERVED (Today)", "🟢 AVAILABLE"), "🟢 AVAILABLE" ) ) ) ) ) -> 🟢 AVAILABLE | D49: =_xlfn.LET( _xlpm.LatestAction, _xlfn.XLOOKUP("*" & A49 & "*", 'Form Responses 1'!C:C, 'Form Responses 1'!B:B, "", 2, -1), _xlpm.LatestTrainer, _xlfn.XLOOKUP("*" & A49 & "*", 'Form Responses 1'!C:C, 'Form Responses 1'!D:D, "", 2, -1), IF(OR(_xlpm.LatestAction = "Final Return to General Stock", _xlpm.LatestAction = ""), "", _xlpm.LatestTrainer) ) | E49: =_xlfn.LET( _xlpm.LatestAction, _xlfn.XLOOKUP("*" & A49 & "*", 'Form Responses 1'!C:C, 'Form Responses 1'!B:B, "", 2, -1), _xlpm.LatestCand, _xlfn.XLOOKUP("*" & A49 & "*", 'Form Responses 1'!C:C, 'Form Responses 1'!E:E, "", 2, -1), IF(OR(_xlpm.LatestAction = "Final Return to General Stock", _xlpm.LatestAction = ""), "", _xlpm.LatestCand) ) | F49: =_xlfn.LET( _xlpm.LatestAction, _xlfn.XLOOKUP("*" & A49 & "*", 'Form Responses 1'!C:C, 'Form Responses 1'!B:B, "", 2, -1), _xlpm.LatestDate, _xlfn.XLOOKUP("*" & A49 & "*", 'Form Responses 1'!C:C, 'Form Responses 1'!F:F, "", 2, -1), IF(OR(_xlpm.LatestAction = "Final Return to General Stock", _xlpm.LatestAction = ""), "", _xlpm.LatestDate) ) | G49: =_xlfn.XLOOKUP("*" & A49 & "*", 'Form Responses 1'!C:C, 'Form Responses 1'!G:G, "Not Inspected", 2, -1) -> Not Inspected | H49: =_xlfn.XLOOKUP("*" & A49 & "*", 'Form Responses 1'!C:C, 'Form Responses 1'!H:H, "", 2, -1)
A50: Felling Bar & Tongs - L2 | B50: Felling Equipment | C50: =_xlfn.LET( _xlpm.LatestAction, _xlfn.XLOOKUP("*" & A50 & "*", 'Form Responses 1'!C:C, 'Form Responses 1'!B:B, "Available", 2, -1), _xlpm.LatestInsp, _xlfn.XLOOKUP("*" & A50 & "*", 'Form Responses 1'!C:C, 'Form Responses 1'!G:G, "", 2, -1), _xlpm.LatestDate, _xlfn.XLOOKUP("*" & A50 & "*", 'Form Responses 1'!C:C, 'Form Responses 1'!F:F, "", 2, -1), _xlpm.IsAssessmentToday, IF(_xlpm.LatestDate = "", FALSE, IF(ISNUMBER(_xlpm.LatestDate), INT(_xlpm.LatestDate) = TODAY(), DATEVALUE(_xlpm.LatestDate) = TODAY())), IF(_xlpm.LatestInsp = "Fail / Maintenance Required", "⚠️ MAINTENANCE", IF(_xlpm.LatestAction = "Check Out for Course", "🔴 IN USE", IF(_xlpm.LatestAction = "Re-issue for Assessment", "🔴 IN USE", IF(_xlpm.LatestAction = "Return & Reserve for Assessment", IF(_xlpm.IsAssessmentToday, "🔒 RESERVED (Today)", "🟢 AVAILABLE"), "🟢 AVAILABLE" ) ) ) ) ) -> 🟢 AVAILABLE | D50: =_xlfn.LET( _xlpm.LatestAction, _xlfn.XLOOKUP("*" & A50 & "*", 'Form Responses 1'!C:C, 'Form Responses 1'!B:B, "", 2, -1), _xlpm.LatestTrainer, _xlfn.XLOOKUP("*" & A50 & "*", 'Form Responses 1'!C:C, 'Form Responses 1'!D:D, "", 2, -1), IF(OR(_xlpm.LatestAction = "Final Return to General Stock", _xlpm.LatestAction = ""), "", _xlpm.LatestTrainer) ) | E50: =_xlfn.LET( _xlpm.LatestAction, _xlfn.XLOOKUP("*" & A50 & "*", 'Form Responses 1'!C:C, 'Form Responses 1'!B:B, "", 2, -1), _xlpm.LatestCand, _xlfn.XLOOKUP("*" & A50 & "*", 'Form Responses 1'!C:C, 'Form Responses 1'!E:E, "", 2, -1), IF(OR(_xlpm.LatestAction = "Final Return to General Stock", _xlpm.LatestAction = ""), "", _xlpm.LatestCand) ) | F50: =_xlfn.LET( _xlpm.LatestAction, _xlfn.XLOOKUP("*" & A50 & "*", 'Form Responses 1'!C:C, 'Form Responses 1'!B:B, "", 2, -1), _xlpm.LatestDate, _xlfn.XLOOKUP("*" & A50 & "*", 'Form Responses 1'!C:C, 'Form Responses 1'!F:F, "", 2, -1), IF(OR(_xlpm.LatestAction = "Final Return to General Stock", _xlpm.LatestAction = ""), "", _xlpm.LatestDate) ) | G50: =_xlfn.XLOOKUP("*" & A50 & "*", 'Form Responses 1'!C:C, 'Form Responses 1'!G:G, "Not Inspected", 2, -1) -> Not Inspected | H50: =_xlfn.XLOOKUP("*" & A50 & "*", 'Form Responses 1'!C:C, 'Form Responses 1'!H:H, "", 2, -1)
C51: =_xlfn.LET( _xlpm.LatestAction, _xlfn.XLOOKUP("*" & A51 & "*", 'Form Responses 1'!C:C, 'Form Responses 1'!B:B, "Available", 2, -1), _xlpm.LatestInsp, _xlfn.XLOOKUP("*" & A51 & "*", 'Form Responses 1'!C:C, 'Form Responses 1'!G:G, "", 2, -1), _xlpm.LatestDate, _xlfn.XLOOKUP("*" & A51 & "*", 'Form Responses 1'!C:C, 'Form Responses 1'!F:F, "", 2, -1), _xlpm.IsAssessmentToday, IF(_xlpm.LatestDate = "", FALSE, IF(ISNUMBER(_xlpm.LatestDate), INT(_xlpm.LatestDate) = TODAY(), DATEVALUE(_xlpm.LatestDate) = TODAY())), IF(_xlpm.LatestInsp = "Fail / Maintenance Required", "⚠️ MAINTENANCE", IF(_xlpm.LatestAction = "Check Out for Course", "🔴 IN USE", IF(_xlpm.LatestAction = "Re-issue for Assessment", "🔴 IN USE", IF(_xlpm.LatestAction = "Return & Reserve for Assessment", IF(_xlpm.IsAssessmentToday, "🔒 RESERVED (Today)", "🟢 AVAILABLE"), "🟢 AVAILABLE" ) ) ) ) ) -> 🔴 IN USE | D51: =_xlfn.LET( _xlpm.LatestAction, _xlfn.XLOOKUP("*" & A51 & "*", 'Form Responses 1'!C:C, 'Form Responses 1'!B:B, "", 2, -1), _xlpm.LatestTrainer, _xlfn.XLOOKUP("*" & A51 & "*", 'Form Responses 1'!C:C, 'Form Responses 1'!D:D, "", 2, -1), IF(OR(_xlpm.LatestAction = "Final Return to General Stock", _xlpm.LatestAction = ""), "", _xlpm.LatestTrainer) ) -> Simon | E51: =_xlfn.LET( _xlpm.LatestAction, _xlfn.XLOOKUP("*" & A51 & "*", 'Form Responses 1'!C:C, 'Form Responses 1'!B:B, "", 2, -1), _xlpm.LatestCand, _xlfn.XLOOKUP("*" & A51 & "*", 'Form Responses 1'!C:C, 'Form Responses 1'!E:E, "", 2, -1), IF(OR(_xlpm.LatestAction = "Final Return to General Stock", _xlpm.LatestAction = ""), "", _xlpm.LatestCand) ) -> Dave | F51: =_xlfn.LET( _xlpm.LatestAction, _xlfn.XLOOKUP("*" & A51 & "*", 'Form Responses 1'!C:C, 'Form Responses 1'!B:B, "", 2, -1), _xlpm.LatestDate, _xlfn.XLOOKUP("*" & A51 & "*", 'Form Responses 1'!C:C, 'Form Responses 1'!F:F, "", 2, -1), IF(OR(_xlpm.LatestAction = "Final Return to General Stock", _xlpm.LatestAction = ""), "", _xlpm.LatestDate) ) -> 15/10/2026 | G51: =_xlfn.XLOOKUP("*" & A51 & "*", 'Form Responses 1'!C:C, 'Form Responses 1'!G:G, "Not Inspected", 2, -1) -> Not Inspected | H51: =_xlfn.XLOOKUP("*" & A51 & "*", 'Form Responses 1'!C:C, 'Form Responses 1'!H:H, "", 2, -1) -> 0
C52: =_xlfn.LET( _xlpm.LatestAction, _xlfn.XLOOKUP("*" & A52 & "*", 'Form Responses 1'!C:C, 'Form Responses 1'!B:B, "Available", 2, -1), _xlpm.LatestInsp, _xlfn.XLOOKUP("*" & A52 & "*", 'Form Responses 1'!C:C, 'Form Responses 1'!G:G, "", 2, -1), _xlpm.LatestDate, _xlfn.XLOOKUP("*" & A52 & "*", 'Form Responses 1'!C:C, 'Form Responses 1'!F:F, "", 2, -1), _xlpm.IsAssessmentToday, IF(_xlpm.LatestDate = "", FALSE, IF(ISNUMBER(_xlpm.LatestDate), INT(_xlpm.LatestDate) = TODAY(), DATEVALUE(_xlpm.LatestDate) = TODAY())), IF(_xlpm.LatestInsp = "Fail / Maintenance Required", "⚠️ MAINTENANCE", IF(_xlpm.LatestAction = "Check Out for Course", "🔴 IN USE", IF(_xlpm.LatestAction = "Re-issue for Assessment", "🔴 IN USE", IF(_xlpm.LatestAction = "Return & Reserve for Assessment", IF(_xlpm.IsAssessmentToday, "🔒 RESERVED (Today)", "🟢 AVAILABLE"), "🟢 AVAILABLE" ) ) ) ) ) -> 🔴 IN USE | D52: =_xlfn.LET( _xlpm.LatestAction, _xlfn.XLOOKUP("*" & A52 & "*", 'Form Responses 1'!C:C, 'Form Responses 1'!B:B, "", 2, -1), _xlpm.LatestTrainer, _xlfn.XLOOKUP("*" & A52 & "*", 'Form Responses 1'!C:C, 'Form Responses 1'!D:D, "", 2, -1), IF(OR(_xlpm.LatestAction = "Final Return to General Stock", _xlpm.LatestAction = ""), "", _xlpm.LatestTrainer) ) -> Simon | E52: =_xlfn.LET( _xlpm.LatestAction, _xlfn.XLOOKUP("*" & A52 & "*", 'Form Responses 1'!C:C, 'Form Responses 1'!B:B, "", 2, -1), _xlpm.LatestCand, _xlfn.XLOOKUP("*" & A52 & "*", 'Form Responses 1'!C:C, 'Form Responses 1'!E:E, "", 2, -1), IF(OR(_xlpm.LatestAction = "Final Return to General Stock", _xlpm.LatestAction = ""), "", _xlpm.LatestCand) ) -> Dave | F52: =_xlfn.LET( _xlpm.LatestAction, _xlfn.XLOOKUP("*" & A52 & "*", 'Form Responses 1'!C:C, 'Form Responses 1'!B:B, "", 2, -1), _xlpm.LatestDate, _xlfn.XLOOKUP("*" & A52 & "*", 'Form Responses 1'!C:C, 'Form Responses 1'!F:F, "", 2, -1), IF(OR(_xlpm.LatestAction = "Final Return to General Stock", _xlpm.LatestAction = ""), "", _xlpm.LatestDate) ) -> 15/10/2026 | G52: =_xlfn.XLOOKUP("*" & A52 & "*", 'Form Responses 1'!C:C, 'Form Responses 1'!G:G, "Not Inspected", 2, -1) -> Not Inspected | H52: =_xlfn.XLOOKUP("*" & A52 & "*", 'Form Responses 1'!C:C, 'Form Responses 1'!H:H, "", 2, -1) -> 0
C53: =_xlfn.LET( _xlpm.LatestAction, _xlfn.XLOOKUP("*" & A53 & "*", 'Form Responses 1'!C:C, 'Form Responses 1'!B:B, "Available", 2, -1), _xlpm.LatestInsp, _xlfn.XLOOKUP("*" & A53 & "*", 'Form Responses 1'!C:C, 'Form Responses 1'!G:G, "", 2, -1), _xlpm.LatestDate, _xlfn.XLOOKUP("*" & A53 & "*", 'Form Responses 1'!C:C, 'Form Responses 1'!F:F, "", 2, -1), _xlpm.IsAssessmentToday, IF(_xlpm.LatestDate = "", FALSE, IF(ISNUMBER(_xlpm.LatestDate), INT(_xlpm.LatestDate) = TODAY(), DATEVALUE(_xlpm.LatestDate) = TODAY())), IF(_xlpm.LatestInsp = "Fail / Maintenance Required", "⚠️ MAINTENANCE", IF(_xlpm.LatestAction = "Check Out for Course", "🔴 IN USE", IF(_xlpm.LatestAction = "Re-issue for Assessment", "🔴 IN USE", IF(_xlpm.LatestAction = "Return & Reserve for Assessment", IF(_xlpm.IsAssessmentToday, "🔒 RESERVED (Today)", "🟢 AVAILABLE"), "🟢 AVAILABLE" ) ) ) ) ) -> 🔴 IN USE | D53: =_xlfn.LET( _xlpm.LatestAction, _xlfn.XLOOKUP("*" & A53 & "*", 'Form Responses 1'!C:C, 'Form Responses 1'!B:B, "", 2, -1), _xlpm.LatestTrainer, _xlfn.XLOOKUP("*" & A53 & "*", 'Form Responses 1'!C:C, 'Form Responses 1'!D:D, "", 2, -1), IF(OR(_xlpm.LatestAction = "Final Return to General Stock", _xlpm.LatestAction = ""), "", _xlpm.LatestTrainer) ) -> Simon | E53: =_xlfn.LET( _xlpm.LatestAction, _xlfn.XLOOKUP("*" & A53 & "*", 'Form Responses 1'!C:C, 'Form Responses 1'!B:B, "", 2, -1), _xlpm.LatestCand, _xlfn.XLOOKUP("*" & A53 & "*", 'Form Responses 1'!C:C, 'Form Responses 1'!E:E, "", 2, -1), IF(OR(_xlpm.LatestAction = "Final Return to General Stock", _xlpm.LatestAction = ""), "", _xlpm.LatestCand) ) -> Dave | F53: =_xlfn.LET( _xlpm.LatestAction, _xlfn.XLOOKUP("*" & A53 & "*", 'Form Responses 1'!C:C, 'Form Responses 1'!B:B, "", 2, -1), _xlpm.LatestDate, _xlfn.XLOOKUP("*" & A53 & "*", 'Form Responses 1'!C:C, 'Form Responses 1'!F:F, "", 2, -1), IF(OR(_xlpm.LatestAction = "Final Return to General Stock", _xlpm.LatestAction = ""), "", _xlpm.LatestDate) ) -> 15/10/2026 | G53: =_xlfn.XLOOKUP("*" & A53 & "*", 'Form Responses 1'!C:C, 'Form Responses 1'!G:G, "Not Inspected", 2, -1) -> Not Inspected | H53: =_xlfn.XLOOKUP("*" & A53 & "*", 'Form Responses 1'!C:C, 'Form Responses 1'!H:H, "", 2, -1) -> 0
C54: =_xlfn.LET( _xlpm.LatestAction, _xlfn.XLOOKUP("*" & A54 & "*", 'Form Responses 1'!C:C, 'Form Responses 1'!B:B, "Available", 2, -1), _xlpm.LatestInsp, _xlfn.XLOOKUP("*" & A54 & "*", 'Form Responses 1'!C:C, 'Form Responses 1'!G:G, "", 2, -1), _xlpm.LatestDate, _xlfn.XLOOKUP("*" & A54 & "*", 'Form Responses 1'!C:C, 'Form Responses 1'!F:F, "", 2, -1), _xlpm.IsAssessmentToday, IF(_xlpm.LatestDate = "", FALSE, IF(ISNUMBER(_xlpm.LatestDate), INT(_xlpm.LatestDate) = TODAY(), DATEVALUE(_xlpm.LatestDate) = TODAY())), IF(_xlpm.LatestInsp = "Fail / Maintenance Required", "⚠️ MAINTENANCE", IF(_xlpm.LatestAction = "Check Out for Course", "🔴 IN USE", IF(_xlpm.LatestAction = "Re-issue for Assessment", "🔴 IN USE", IF(_xlpm.LatestAction = "Return & Reserve for Assessment", IF(_xlpm.IsAssessmentToday, "🔒 RESERVED (Today)", "🟢 AVAILABLE"), "🟢 AVAILABLE" ) ) ) ) ) -> 🔴 IN USE | D54: =_xlfn.LET( _xlpm.LatestAction, _xlfn.XLOOKUP("*" & A54 & "*", 'Form Responses 1'!C:C, 'Form Responses 1'!B:B, "", 2, -1), _xlpm.LatestTrainer, _xlfn.XLOOKUP("*" & A54 & "*", 'Form Responses 1'!C:C, 'Form Responses 1'!D:D, "", 2, -1), IF(OR(_xlpm.LatestAction = "Final Return to General Stock", _xlpm.LatestAction = ""), "", _xlpm.LatestTrainer) ) -> Simon | E54: =_xlfn.LET( _xlpm.LatestAction, _xlfn.XLOOKUP("*" & A54 & "*", 'Form Responses 1'!C:C, 'Form Responses 1'!B:B, "", 2, -1), _xlpm.LatestCand, _xlfn.XLOOKUP("*" & A54 & "*", 'Form Responses 1'!C:C, 'Form Responses 1'!E:E, "", 2, -1), IF(OR(_xlpm.LatestAction = "Final Return to General Stock", _xlpm.LatestAction = ""), "", _xlpm.LatestCand) ) -> Dave | F54: =_xlfn.LET( _xlpm.LatestAction, _xlfn.XLOOKUP("*" & A54 & "*", 'Form Responses 1'!C:C, 'Form Responses 1'!B:B, "", 2, -1), _xlpm.LatestDate, _xlfn.XLOOKUP("*" & A54 & "*", 'Form Responses 1'!C:C, 'Form Responses 1'!F:F, "", 2, -1), IF(OR(_xlpm.LatestAction = "Final Return to General Stock", _xlpm.LatestAction = ""), "", _xlpm.LatestDate) ) -> 15/10/2026 | G54: =_xlfn.XLOOKUP("*" & A54 & "*", 'Form Responses 1'!C:C, 'Form Responses 1'!G:G, "Not Inspected", 2, -1) -> Not Inspected | H54: =_xlfn.XLOOKUP("*" & A54 & "*", 'Form Responses 1'!C:C, 'Form Responses 1'!H:H, "", 2, -1) -> 0
C55: =_xlfn.LET( _xlpm.LatestAction, _xlfn.XLOOKUP("*" & A55 & "*", 'Form Responses 1'!C:C, 'Form Responses 1'!B:B, "Available", 2, -1), _xlpm.LatestInsp, _xlfn.XLOOKUP("*" & A55 & "*", 'Form Responses 1'!C:C, 'Form Responses 1'!G:G, "", 2, -1), _xlpm.LatestDate, _xlfn.XLOOKUP("*" & A55 & "*", 'Form Responses 1'!C:C, 'Form Responses 1'!F:F, "", 2, -1), _xlpm.IsAssessmentToday, IF(_xlpm.LatestDate = "", FALSE, IF(ISNUMBER(_xlpm.LatestDate), INT(_xlpm.LatestDate) = TODAY(), DATEVALUE(_xlpm.LatestDate) = TODAY())), IF(_xlpm.LatestInsp = "Fail / Maintenance Required", "⚠️ MAINTENANCE", IF(_xlpm.LatestAction = "Check Out for Course", "🔴 IN USE", IF(_xlpm.LatestAction = "Re-issue for Assessment", "🔴 IN USE", IF(_xlpm.LatestAction = "Return & Reserve for Assessment", IF(_xlpm.IsAssessmentToday, "🔒 RESERVED (Today)", "🟢 AVAILABLE"), "🟢 AVAILABLE" ) ) ) ) ) -> 🔴 IN USE | D55: =_xlfn.LET( _xlpm.LatestAction, _xlfn.XLOOKUP("*" & A55 & "*", 'Form Responses 1'!C:C, 'Form Responses 1'!B:B, "", 2, -1), _xlpm.LatestTrainer, _xlfn.XLOOKUP("*" & A55 & "*", 'Form Responses 1'!C:C, 'Form Responses 1'!D:D, "", 2, -1), IF(OR(_xlpm.LatestAction = "Final Return to General Stock", _xlpm.LatestAction = ""), "", _xlpm.LatestTrainer) ) -> Simon | E55: =_xlfn.LET( _xlpm.LatestAction, _xlfn.XLOOKUP("*" & A55 & "*", 'Form Responses 1'!C:C, 'Form Responses 1'!B:B, "", 2, -1), _xlpm.LatestCand, _xlfn.XLOOKUP("*" & A55 & "*", 'Form Responses 1'!C:C, 'Form Responses 1'!E:E, "", 2, -1), IF(OR(_xlpm.LatestAction = "Final Return to General Stock", _xlpm.LatestAction = ""), "", _xlpm.LatestCand) ) -> Dave | F55: =_xlfn.LET( _xlpm.LatestAction, _xlfn.XLOOKUP("*" & A55 & "*", 'Form Responses 1'!C:C, 'Form Responses 1'!B:B, "", 2, -1), _xlpm.LatestDate, _xlfn.XLOOKUP("*" & A55 & "*", 'Form Responses 1'!C:C, 'Form Responses 1'!F:F, "", 2, -1), IF(OR(_xlpm.LatestAction = "Final Return to General Stock", _xlpm.LatestAction = ""), "", _xlpm.LatestDate) ) -> 15/10/2026 | G55: =_xlfn.XLOOKUP("*" & A55 & "*", 'Form Responses 1'!C:C, 'Form Responses 1'!G:G, "Not Inspected", 2, -1) -> Not Inspected | H55: =_xlfn.XLOOKUP("*" & A55 & "*", 'Form Responses 1'!C:C, 'Form Responses 1'!H:H, "", 2, -1) -> 0
C56: =_xlfn.LET( _xlpm.LatestAction, _xlfn.XLOOKUP("*" & A56 & "*", 'Form Responses 1'!C:C, 'Form Responses 1'!B:B, "Available", 2, -1), _xlpm.LatestInsp, _xlfn.XLOOKUP("*" & A56 & "*", 'Form Responses 1'!C:C, 'Form Responses 1'!G:G, "", 2, -1), _xlpm.LatestDate, _xlfn.XLOOKUP("*" & A56 & "*", 'Form Responses 1'!C:C, 'Form Responses 1'!F:F, "", 2, -1), _xlpm.IsAssessmentToday, IF(_xlpm.LatestDate = "", FALSE, IF(ISNUMBER(_xlpm.LatestDate), INT(_xlpm.LatestDate) = TODAY(), DATEVALUE(_xlpm.LatestDate) = TODAY())), IF(_xlpm.LatestInsp = "Fail / Maintenance Required", "⚠️ MAINTENANCE", IF(_xlpm.LatestAction = "Check Out for Course", "🔴 IN USE", IF(_xlpm.LatestAction = "Re-issue for Assessment", "🔴 IN USE", IF(_xlpm.LatestAction = "Return & Reserve for Assessment", IF(_xlpm.IsAssessmentToday, "🔒 RESERVED (Today)", "🟢 AVAILABLE"), "🟢 AVAILABLE" ) ) ) ) ) -> 🔴 IN USE | D56: =_xlfn.LET( _xlpm.LatestAction, _xlfn.XLOOKUP("*" & A56 & "*", 'Form Responses 1'!C:C, 'Form Responses 1'!B:B, "", 2, -1), _xlpm.LatestTrainer, _xlfn.XLOOKUP("*" & A56 & "*", 'Form Responses 1'!C:C, 'Form Responses 1'!D:D, "", 2, -1), IF(OR(_xlpm.LatestAction = "Final Return to General Stock", _xlpm.LatestAction = ""), "", _xlpm.LatestTrainer) ) -> Simon | E56: =_xlfn.LET( _xlpm.LatestAction, _xlfn.XLOOKUP("*" & A56 & "*", 'Form Responses 1'!C:C, 'Form Responses 1'!B:B, "", 2, -1), _xlpm.LatestCand, _xlfn.XLOOKUP("*" & A56 & "*", 'Form Responses 1'!C:C, 'Form Responses 1'!E:E, "", 2, -1), IF(OR(_xlpm.LatestAction = "Final Return to General Stock", _xlpm.LatestAction = ""), "", _xlpm.LatestCand) ) -> Dave | F56: =_xlfn.LET( _xlpm.LatestAction, _xlfn.XLOOKUP("*" & A56 & "*", 'Form Responses 1'!C:C, 'Form Responses 1'!B:B, "", 2, -1), _xlpm.LatestDate, _xlfn.XLOOKUP("*" & A56 & "*", 'Form Responses 1'!C:C, 'Form Responses 1'!F:F, "", 2, -1), IF(OR(_xlpm.LatestAction = "Final Return to General Stock", _xlpm.LatestAction = ""), "", _xlpm.LatestDate) ) -> 15/10/2026 | G56: =_xlfn.XLOOKUP("*" & A56 & "*", 'Form Responses 1'!C:C, 'Form Responses 1'!G:G, "Not Inspected", 2, -1) -> Not Inspected | H56: =_xlfn.XLOOKUP("*" & A56 & "*", 'Form Responses 1'!C:C, 'Form Responses 1'!H:H, "", 2, -1) -> 0
C57: =_xlfn.LET( _xlpm.LatestAction, _xlfn.XLOOKUP("*" & A57 & "*", 'Form Responses 1'!C:C, 'Form Responses 1'!B:B, "Available", 2, -1), _xlpm.LatestInsp, _xlfn.XLOOKUP("*" & A57 & "*", 'Form Responses 1'!C:C, 'Form Responses 1'!G:G, "", 2, -1), _xlpm.LatestDate, _xlfn.XLOOKUP("*" & A57 & "*", 'Form Responses 1'!C:C, 'Form Responses 1'!F:F, "", 2, -1), _xlpm.IsAssessmentToday, IF(_xlpm.LatestDate = "", FALSE, IF(ISNUMBER(_xlpm.LatestDate), INT(_xlpm.LatestDate) = TODAY(), DATEVALUE(_xlpm.LatestDate) = TODAY())), IF(_xlpm.LatestInsp = "Fail / Maintenance Required", "⚠️ MAINTENANCE", IF(_xlpm.LatestAction = "Check Out for Course", "🔴 IN USE", IF(_xlpm.LatestAction = "Re-issue for Assessment", "🔴 IN USE", IF(_xlpm.LatestAction = "Return & Reserve for Assessment", IF(_xlpm.IsAssessmentToday, "🔒 RESERVED (Today)", "🟢 AVAILABLE"), "🟢 AVAILABLE" ) ) ) ) ) -> 🔴 IN USE | D57: =_xlfn.LET( _xlpm.LatestAction, _xlfn.XLOOKUP("*" & A57 & "*", 'Form Responses 1'!C:C, 'Form Responses 1'!B:B, "", 2, -1), _xlpm.LatestTrainer, _xlfn.XLOOKUP("*" & A57 & "*", 'Form Responses 1'!C:C, 'Form Responses 1'!D:D, "", 2, -1), IF(OR(_xlpm.LatestAction = "Final Return to General Stock", _xlpm.LatestAction = ""), "", _xlpm.LatestTrainer) ) -> Simon | E57: =_xlfn.LET( _xlpm.LatestAction, _xlfn.XLOOKUP("*" & A57 & "*", 'Form Responses 1'!C:C, 'Form Responses 1'!B:B, "", 2, -1), _xlpm.LatestCand, _xlfn.XLOOKUP("*" & A57 & "*", 'Form Responses 1'!C:C, 'Form Responses 1'!E:E, "", 2, -1), IF(OR(_xlpm.LatestAction = "Final Return to General Stock", _xlpm.LatestAction = ""), "", _xlpm.LatestCand) ) -> Dave | F57: =_xlfn.LET( _xlpm.LatestAction, _xlfn.XLOOKUP("*" & A57 & "*", 'Form Responses 1'!C:C, 'Form Responses 1'!B:B, "", 2, -1), _xlpm.LatestDate, _xlfn.XLOOKUP("*" & A57 & "*", 'Form Responses 1'!C:C, 'Form Responses 1'!F:F, "", 2, -1), IF(OR(_xlpm.LatestAction = "Final Return to General Stock", _xlpm.LatestAction = ""), "", _xlpm.LatestDate) ) -> 15/10/2026 | G57: =_xlfn.XLOOKUP("*" & A57 & "*", 'Form Responses 1'!C:C, 'Form Responses 1'!G:G, "Not Inspected", 2, -1) -> Not Inspected | H57: =_xlfn.XLOOKUP("*" & A57 & "*", 'Form Responses 1'!C:C, 'Form Responses 1'!H:H, "", 2, -1) -> 0
C58: =_xlfn.LET( _xlpm.LatestAction, _xlfn.XLOOKUP("*" & A58 & "*", 'Form Responses 1'!C:C, 'Form Responses 1'!B:B, "Available", 2, -1), _xlpm.LatestInsp, _xlfn.XLOOKUP("*" & A58 & "*", 'Form Responses 1'!C:C, 'Form Responses 1'!G:G, "", 2, -1), _xlpm.LatestDate, _xlfn.XLOOKUP("*" & A58 & "*", 'Form Responses 1'!C:C, 'Form Responses 1'!F:F, "", 2, -1), _xlpm.IsAssessmentToday, IF(_xlpm.LatestDate = "", FALSE, IF(ISNUMBER(_xlpm.LatestDate), INT(_xlpm.LatestDate) = TODAY(), DATEVALUE(_xlpm.LatestDate) = TODAY())), IF(_xlpm.LatestInsp = "Fail / Maintenance Required", "⚠️ MAINTENANCE", IF(_xlpm.LatestAction = "Check Out for Course", "🔴 IN USE", IF(_xlpm.LatestAction = "Re-issue for Assessment", "🔴 IN USE", IF(_xlpm.LatestAction = "Return & Reserve for Assessment", IF(_xlpm.IsAssessmentToday, "🔒 RESERVED (Today)", "🟢 AVAILABLE"), "🟢 AVAILABLE" ) ) ) ) ) -> 🔴 IN USE | D58: =_xlfn.LET( _xlpm.LatestAction, _xlfn.XLOOKUP("*" & A58 & "*", 'Form Responses 1'!C:C, 'Form Responses 1'!B:B, "", 2, -1), _xlpm.LatestTrainer, _xlfn.XLOOKUP("*" & A58 & "*", 'Form Responses 1'!C:C, 'Form Responses 1'!D:D, "", 2, -1), IF(OR(_xlpm.LatestAction = "Final Return to General Stock", _xlpm.LatestAction = ""), "", _xlpm.LatestTrainer) ) -> Simon | E58: =_xlfn.LET( _xlpm.LatestAction, _xlfn.XLOOKUP("*" & A58 & "*", 'Form Responses 1'!C:C, 'Form Responses 1'!B:B, "", 2, -1), _xlpm.LatestCand, _xlfn.XLOOKUP("*" & A58 & "*", 'Form Responses 1'!C:C, 'Form Responses 1'!E:E, "", 2, -1), IF(OR(_xlpm.LatestAction = "Final Return to General Stock", _xlpm.LatestAction = ""), "", _xlpm.LatestCand) ) -> Dave | F58: =_xlfn.LET( _xlpm.LatestAction, _xlfn.XLOOKUP("*" & A58 & "*", 'Form Responses 1'!C:C, 'Form Responses 1'!B:B, "", 2, -1), _xlpm.LatestDate, _xlfn.XLOOKUP("*" & A58 & "*", 'Form Responses 1'!C:C, 'Form Responses 1'!F:F, "", 2, -1), IF(OR(_xlpm.LatestAction = "Final Return to General Stock", _xlpm.LatestAction = ""), "", _xlpm.LatestDate) ) -> 15/10/2026 | G58: =_xlfn.XLOOKUP("*" & A58 & "*", 'Form Responses 1'!C:C, 'Form Responses 1'!G:G, "Not Inspected", 2, -1) -> Not Inspected | H58: =_xlfn.XLOOKUP("*" & A58 & "*", 'Form Responses 1'!C:C, 'Form Responses 1'!H:H, "", 2, -1) -> 0
C59: =_xlfn.LET( _xlpm.LatestAction, _xlfn.XLOOKUP("*" & A59 & "*", 'Form Responses 1'!C:C, 'Form Responses 1'!B:B, "Available", 2, -1), _xlpm.LatestInsp, _xlfn.XLOOKUP("*" & A59 & "*", 'Form Responses 1'!C:C, 'Form Responses 1'!G:G, "", 2, -1), _xlpm.LatestDate, _xlfn.XLOOKUP("*" & A59 & "*", 'Form Responses 1'!C:C, 'Form Responses 1'!F:F, "", 2, -1), _xlpm.IsAssessmentToday, IF(_xlpm.LatestDate = "", FALSE, IF(ISNUMBER(_xlpm.LatestDate), INT(_xlpm.LatestDate) = TODAY(), DATEVALUE(_xlpm.LatestDate) = TODAY())), IF(_xlpm.LatestInsp = "Fail / Maintenance Required", "⚠️ MAINTENANCE", IF(_xlpm.LatestAction = "Check Out for Course", "🔴 IN USE", IF(_xlpm.LatestAction = "Re-issue for Assessment", "🔴 IN USE", IF(_xlpm.LatestAction = "Return & Reserve for Assessment", IF(_xlpm.IsAssessmentToday, "🔒 RESERVED (Today)", "🟢 AVAILABLE"), "🟢 AVAILABLE" ) ) ) ) ) -> 🔴 IN USE | D59: =_xlfn.LET( _xlpm.LatestAction, _xlfn.XLOOKUP("*" & A59 & "*", 'Form Responses 1'!C:C, 'Form Responses 1'!B:B, "", 2, -1), _xlpm.LatestTrainer, _xlfn.XLOOKUP("*" & A59 & "*", 'Form Responses 1'!C:C, 'Form Responses 1'!D:D, "", 2, -1), IF(OR(_xlpm.LatestAction = "Final Return to General Stock", _xlpm.LatestAction = ""), "", _xlpm.LatestTrainer) ) -> Simon | E59: =_xlfn.LET( _xlpm.LatestAction, _xlfn.XLOOKUP("*" & A59 & "*", 'Form Responses 1'!C:C, 'Form Responses 1'!B:B, "", 2, -1), _xlpm.LatestCand, _xlfn.XLOOKUP("*" & A59 & "*", 'Form Responses 1'!C:C, 'Form Responses 1'!E:E, "", 2, -1), IF(OR(_xlpm.LatestAction = "Final Return to General Stock", _xlpm.LatestAction = ""), "", _xlpm.LatestCand) ) -> Dave | F59: =_xlfn.LET( _xlpm.LatestAction, _xlfn.XLOOKUP("*" & A59 & "*", 'Form Responses 1'!C:C, 'Form Responses 1'!B:B, "", 2, -1), _xlpm.LatestDate, _xlfn.XLOOKUP("*" & A59 & "*", 'Form Responses 1'!C:C, 'Form Responses 1'!F:F, "", 2, -1), IF(OR(_xlpm.LatestAction = "Final Return to General Stock", _xlpm.LatestAction = ""), "", _xlpm.LatestDate) ) -> 15/10/2026 | G59: =_xlfn.XLOOKUP("*" & A59 & "*", 'Form Responses 1'!C:C, 'Form Responses 1'!G:G, "Not Inspected", 2, -1) -> Not Inspected | H59: =_xlfn.XLOOKUP("*" & A59 & "*", 'Form Responses 1'!C:C, 'Form Responses 1'!H:H, "", 2, -1) -> 0
C60: =_xlfn.LET( _xlpm.LatestAction, _xlfn.XLOOKUP("*" & A60 & "*", 'Form Responses 1'!C:C, 'Form Responses 1'!B:B, "Available", 2, -1), _xlpm.LatestInsp, _xlfn.XLOOKUP("*" & A60 & "*", 'Form Responses 1'!C:C, 'Form Responses 1'!G:G, "", 2, -1), _xlpm.LatestDate, _xlfn.XLOOKUP("*" & A60 & "*", 'Form Responses 1'!C:C, 'Form Responses 1'!F:F, "", 2, -1), _xlpm.IsAssessmentToday, IF(_xlpm.LatestDate = "", FALSE, IF(ISNUMBER(_xlpm.LatestDate), INT(_xlpm.LatestDate) = TODAY(), DATEVALUE(_xlpm.LatestDate) = TODAY())), IF(_xlpm.LatestInsp = "Fail / Maintenance Required", "⚠️ MAINTENANCE", IF(_xlpm.LatestAction = "Check Out for Course", "🔴 IN USE", IF(_xlpm.LatestAction = "Re-issue for Assessment", "🔴 IN USE", IF(_xlpm.LatestAction = "Return & Reserve for Assessment", IF(_xlpm.IsAssessmentToday, "🔒 RESERVED (Today)", "🟢 AVAILABLE"), "🟢 AVAILABLE" ) ) ) ) ) -> 🔴 IN USE | D60: =_xlfn.LET( _xlpm.LatestAction, _xlfn.XLOOKUP("*" & A60 & "*", 'Form Responses 1'!C:C, 'Form Responses 1'!B:B, "", 2, -1), _xlpm.LatestTrainer, _xlfn.XLOOKUP("*" & A60 & "*", 'Form Responses 1'!C:C, 'Form Responses 1'!D:D, "", 2, -1), IF(OR(_xlpm.LatestAction = "Final Return to General Stock", _xlpm.LatestAction = ""), "", _xlpm.LatestTrainer) ) -> Simon | E60: =_xlfn.LET( _xlpm.LatestAction, _xlfn.XLOOKUP("*" & A60 & "*", 'Form Responses 1'!C:C, 'Form Responses 1'!B:B, "", 2, -1), _xlpm.LatestCand, _xlfn.XLOOKUP("*" & A60 & "*", 'Form Responses 1'!C:C, 'Form Responses 1'!E:E, "", 2, -1), IF(OR(_xlpm.LatestAction = "Final Return to General Stock", _xlpm.LatestAction = ""), "", _xlpm.LatestCand) ) -> Dave | F60: =_xlfn.LET( _xlpm.LatestAction, _xlfn.XLOOKUP("*" & A60 & "*", 'Form Responses 1'!C:C, 'Form Responses 1'!B:B, "", 2, -1), _xlpm.LatestDate, _xlfn.XLOOKUP("*" & A60 & "*", 'Form Responses 1'!C:C, 'Form Responses 1'!F:F, "", 2, -1), IF(OR(_xlpm.LatestAction = "Final Return to General Stock", _xlpm.LatestAction = ""), "", _xlpm.LatestDate) ) -> 15/10/2026 | G60: =_xlfn.XLOOKUP("*" & A60 & "*", 'Form Responses 1'!C:C, 'Form Responses 1'!G:G, "Not Inspected", 2, -1) -> Not Inspected | H60: =_xlfn.XLOOKUP("*" & A60 & "*", 'Form Responses 1'!C:C, 'Form Responses 1'!H:H, "", 2, -1) -> 0
C61: =_xlfn.LET( _xlpm.LatestAction, _xlfn.XLOOKUP("*" & A61 & "*", 'Form Responses 1'!C:C, 'Form Responses 1'!B:B, "Available", 2, -1), _xlpm.LatestInsp, _xlfn.XLOOKUP("*" & A61 & "*", 'Form Responses 1'!C:C, 'Form Responses 1'!G:G, "", 2, -1), _xlpm.LatestDate, _xlfn.XLOOKUP("*" & A61 & "*", 'Form Responses 1'!C:C, 'Form Responses 1'!F:F, "", 2, -1), _xlpm.IsAssessmentToday, IF(_xlpm.LatestDate = "", FALSE, IF(ISNUMBER(_xlpm.LatestDate), INT(_xlpm.LatestDate) = TODAY(), DATEVALUE(_xlpm.LatestDate) = TODAY())), IF(_xlpm.LatestInsp = "Fail / Maintenance Required", "⚠️ MAINTENANCE", IF(_xlpm.LatestAction = "Check Out for Course", "🔴 IN USE", IF(_xlpm.LatestAction = "Re-issue for Assessment", "🔴 IN USE", IF(_xlpm.LatestAction = "Return & Reserve for Assessment", IF(_xlpm.IsAssessmentToday, "🔒 RESERVED (Today)", "🟢 AVAILABLE"), "🟢 AVAILABLE" ) ) ) ) ) -> 🔴 IN USE | D61: =_xlfn.LET( _xlpm.LatestAction, _xlfn.XLOOKUP("*" & A61 & "*", 'Form Responses 1'!C:C, 'Form Responses 1'!B:B, "", 2, -1), _xlpm.LatestTrainer, _xlfn.XLOOKUP("*" & A61 & "*", 'Form Responses 1'!C:C, 'Form Responses 1'!D:D, "", 2, -1), IF(OR(_xlpm.LatestAction = "Final Return to General Stock", _xlpm.LatestAction = ""), "", _xlpm.LatestTrainer) ) -> Simon | E61: =_xlfn.LET( _xlpm.LatestAction, _xlfn.XLOOKUP("*" & A61 & "*", 'Form Responses 1'!C:C, 'Form Responses 1'!B:B, "", 2, -1), _xlpm.LatestCand, _xlfn.XLOOKUP("*" & A61 & "*", 'Form Responses 1'!C:C, 'Form Responses 1'!E:E, "", 2, -1), IF(OR(_xlpm.LatestAction = "Final Return to General Stock", _xlpm.LatestAction = ""), "", _xlpm.LatestCand) ) -> Dave | F61: =_xlfn.LET( _xlpm.LatestAction, _xlfn.XLOOKUP("*" & A61 & "*", 'Form Responses 1'!C:C, 'Form Responses 1'!B:B, "", 2, -1), _xlpm.LatestDate, _xlfn.XLOOKUP("*" & A61 & "*", 'Form Responses 1'!C:C, 'Form Responses 1'!F:F, "", 2, -1), IF(OR(_xlpm.LatestAction = "Final Return to General Stock", _xlpm.LatestAction = ""), "", _xlpm.LatestDate) ) -> 15/10/2026 | G61: =_xlfn.XLOOKUP("*" & A61 & "*", 'Form Responses 1'!C:C, 'Form Responses 1'!G:G, "Not Inspected", 2, -1) -> Not Inspected | H61: =_xlfn.XLOOKUP("*" & A61 & "*", 'Form Responses 1'!C:C, 'Form Responses 1'!H:H, "", 2, -1) -> 0
C62: =_xlfn.LET( _xlpm.LatestAction, _xlfn.XLOOKUP("*" & A62 & "*", 'Form Responses 1'!C:C, 'Form Responses 1'!B:B, "Available", 2, -1), _xlpm.LatestInsp, _xlfn.XLOOKUP("*" & A62 & "*", 'Form Responses 1'!C:C, 'Form Responses 1'!G:G, "", 2, -1), _xlpm.LatestDate, _xlfn.XLOOKUP("*" & A62 & "*", 'Form Responses 1'!C:C, 'Form Responses 1'!F:F, "", 2, -1), _xlpm.IsAssessmentToday, IF(_xlpm.LatestDate = "", FALSE, IF(ISNUMBER(_xlpm.LatestDate), INT(_xlpm.LatestDate) = TODAY(), DATEVALUE(_xlpm.LatestDate) = TODAY())), IF(_xlpm.LatestInsp = "Fail / Maintenance Required", "⚠️ MAINTENANCE", IF(_xlpm.LatestAction = "Check Out for Course", "🔴 IN USE", IF(_xlpm.LatestAction = "Re-issue for Assessment", "🔴 IN USE", IF(_xlpm.LatestAction = "Return & Reserve for Assessment", IF(_xlpm.IsAssessmentToday, "🔒 RESERVED (Today)", "🟢 AVAILABLE"), "🟢 AVAILABLE" ) ) ) ) ) -> 🔴 IN USE | D62: =_xlfn.LET( _xlpm.LatestAction, _xlfn.XLOOKUP("*" & A62 & "*", 'Form Responses 1'!C:C, 'Form Responses 1'!B:B, "", 2, -1), _xlpm.LatestTrainer, _xlfn.XLOOKUP("*" & A62 & "*", 'Form Responses 1'!C:C, 'Form Responses 1'!D:D, "", 2, -1), IF(OR(_xlpm.LatestAction = "Final Return to General Stock", _xlpm.LatestAction = ""), "", _xlpm.LatestTrainer) ) -> Simon | E62: =_xlfn.LET( _xlpm.LatestAction, _xlfn.XLOOKUP("*" & A62 & "*", 'Form Responses 1'!C:C, 'Form Responses 1'!B:B, "", 2, -1), _xlpm.LatestCand, _xlfn.XLOOKUP("*" & A62 & "*", 'Form Responses 1'!C:C, 'Form Responses 1'!E:E, "", 2, -1), IF(OR(_xlpm.LatestAction = "Final Return to General Stock", _xlpm.LatestAction = ""), "", _xlpm.LatestCand) ) -> Dave | F62: =_xlfn.LET( _xlpm.LatestAction, _xlfn.XLOOKUP("*" & A62 & "*", 'Form Responses 1'!C:C, 'Form Responses 1'!B:B, "", 2, -1), _xlpm.LatestDate, _xlfn.XLOOKUP("*" & A62 & "*", 'Form Responses 1'!C:C, 'Form Responses 1'!F:F, "", 2, -1), IF(OR(_xlpm.LatestAction = "Final Return to General Stock", _xlpm.LatestAction = ""), "", _xlpm.LatestDate) ) -> 15/10/2026 | G62: =_xlfn.XLOOKUP("*" & A62 & "*", 'Form Responses 1'!C:C, 'Form Responses 1'!G:G, "Not Inspected", 2, -1) -> Not Inspected | H62: =_xlfn.XLOOKUP("*" & A62 & "*", 'Form Responses 1'!C:C, 'Form Responses 1'!H:H, "", 2, -1) -> 0
... C91: =_xlfn.LET( _xlpm.LatestAction, _xlfn.XLOOKUP("*" & A91 & "*", 'Form Responses 1'!C:C, 'Form Responses 1'!B:B, "Available", 2, -1), _xlpm.LatestInsp, _xlfn.XLOOKUP("*" & A91 & "*", 'Form Responses 1'!C:C, 'Form Responses 1'!G:G, "", 2, -1), _xlpm.LatestDate, _xlfn.XLOOKUP("*" & A91 & "*", 'Form Responses 1'!C:C, 'Form Responses 1'!F:F, "", 2, -1), _xlpm.IsAssessmentToday, IF(_xlpm.LatestDate = "", FALSE, IF(ISNUMBER(_xlpm.LatestDate), INT(_xlpm.LatestDate) = TODAY(), DATEVALUE(_xlpm.LatestDate) = TODAY())), IF(_xlpm.LatestInsp = "Fail / Maintenance Required", "⚠️ MAINTENANCE", IF(_xlpm.LatestAction = "Check Out for Course", "🔴 IN USE", IF(_xlpm.LatestAction = "Re-issue for Assessment", "🔴 IN USE", IF(_xlpm.LatestAction = "Return & Reserve for Assessment", IF(_xlpm.IsAssessmentToday, "🔒 RESERVED (Today)", "🟢 AVAILABLE"), "🟢 AVAILABLE" ) ) ) ) ) -> 🔴 IN USE | D91: =_xlfn.LET( _xlpm.LatestAction, _xlfn.XLOOKUP("*" & A91 & "*", 'Form Responses 1'!C:C, 'Form Responses 1'!B:B, "", 2, -1), _xlpm.LatestTrainer, _xlfn.XLOOKUP("*" & A91 & "*", 'Form Responses 1'!C:C, 'Form Responses 1'!D:D, "", 2, -1), IF(OR(_xlpm.LatestAction = "Final Return to General Stock", _xlpm.LatestAction = ""), "", _xlpm.LatestTrainer) ) -> Simon | E91: =_xlfn.LET( _xlpm.LatestAction, _xlfn.XLOOKUP("*" & A91 & "*", 'Form Responses 1'!C:C, 'Form Responses 1'!B:B, "", 2, -1), _xlpm.LatestCand, _xlfn.XLOOKUP("*" & A91 & "*", 'Form Responses 1'!C:C, 'Form Responses 1'!E:E, "", 2, -1), IF(OR(_xlpm.LatestAction = "Final Return to General Stock", _xlpm.LatestAction = ""), "", _xlpm.LatestCand) ) -> Dave | F91: =_xlfn.LET( _xlpm.LatestAction, _xlfn.XLOOKUP("*" & A91 & "*", 'Form Responses 1'!C:C, 'Form Responses 1'!B:B, "", 2, -1), _xlpm.LatestDate, _xlfn.XLOOKUP("*" & A91 & "*", 'Form Responses 1'!C:C, 'Form Responses 1'!F:F, "", 2, -1), IF(OR(_xlpm.LatestAction = "Final Return to General Stock", _xlpm.LatestAction = ""), "", _xlpm.LatestDate) ) -> 15/10/2026 | G91: =_xlfn.XLOOKUP("*" & A91 & "*", 'Form Responses 1'!C:C, 'Form Responses 1'!G:G, "Not Inspected", 2, -1) -> Not Inspected | H91: =_xlfn.XLOOKUP("*" & A91 & "*", 'Form Responses 1'!C:C, 'Form Responses 1'!H:H, "", 2, -1) -> 0
